"Number","Filename","Puzzle ID","Question","Answer / pun","Wordplay guidance"
"001","001.png","impasta","What do you call a fake noodle?","impasta","Mix “impostor” with an Italian food."
"002","002.png","nacho-cheese","What do you call cheese that is not yours?","nacho cheese","Say “not your” out loud."
"003","003.png","gummy-bear","What do you call a bear with no teeth?","gummy bear","It is also a chewy sweet."
"004","004.png","sarah-sql-join","A SQL query walks into a bar and approaches two tables. What does it ask?","can I join you","SQL combines tables with a JOIN."
"005","005.png","sarah-unix-sea","Hold a Unix shell to your ear. What programming language can you hear?","C","The language sounds like an ocean."
"006","006.png","sarah-that-hertz","An electrical engineer gets a shock. What two-word pun do they say?","that hertz","Replace “hurts” with a unit of frequency."
"007","007.png","sarah-positive-proton","A proton is asked whether it is sure it left its card at the bar. How does it reply?","I'm positive","Think of the electrical charge of a proton."
"008","008.png","sarah-neutron-charge","A neutron asks how much its drink costs. What does the bartender say?","no charge","A neutron has no electrical charge."
"009","009.png","sarah-sodium","Know any sodium puns? Answer with its two-letter chemical symbol.","Na","The symbol begins with N."
"010","010.png","shellfish","What do you call a crab that refuses to share?","shellfish","Replace the start of selfish with a crab's armor."
"011","011.png","purrfect","How does a cat describe a flawless day?","purr-fect","Start perfect with a happy cat's sound."
"012","012.png","pawsitive","A dog is completely sure. It is ____!","paws-itive","Replace the first part of positive with a dog's feet."
"013","013.png","purramedic","What do you call a cat who works in an ambulance?","purr-amedic","Start paramedic with a cat's happy sound."
"014","014.png","cheetah","What big cat is always accused of breaking the rules?","cheetah","This spotted sprinter sounds like cheater."
"015","015.png","hare-stylist","What do you call a rabbit who cuts hair?","hare stylist","Replace hair with the name of a rabbit's relative."
"016","016.png","toad-away","What happened to the frog's illegally parked car? It was ____.","toad away","Replace towed with a frog's relative."
"017","017.png","croak-and-roll","What music does a frog band play?","croak and roll","Replace rock in rock and roll with a frog's sound."
"018","018.png","hip-hop","What music genre gets rabbits jumping?","hip hop","The second word is how a rabbit moves."
"019","019.png","hiss-tory","What school subject does a snake teach about the past?","hiss-tory","Start history with a snake's sound."
"020","020.png","fish-and-ships","What do hungry sea monsters order with their fish? Fish and ____.","ships","Change one letter in chips."
"021","021.png","carp-enter","What do you call a fish who builds wooden furniture?","carp-enter","Start carpenter with a four-letter freshwater fish."
"022","022.png","sofishticated","What do you call a very cultured fish?","so-fish-ticated","Put fish into sophisticated."
"023","023.png","porpoise","A dolphin says its work gives life meaning. It has a sense of ____.","porpoise","An animal related to dolphins sounds like purpose."
"024","024.png","whale-done","How do whales congratulate a great effort?","whale done","Replace well in well done with a huge sea mammal."
"025","025.png","seal-approval","What stamp does a sea mammal give a good plan? A ____ of approval.","seal","This flippered animal often balances a ball in cartoons."
"026","026.png","otterly","How does an otter say completely?","otterly","Begin that word with a playful river mammal."
"027","027.png","bear-minimum","What is the least effort a lazy grizzly makes? The ____.","bear minimum","Replace bare with a large furry animal."
"028","028.png","koalafied","What is a koala with all the right job credentials?","koala-fied","Replace the start of qualified with koala."
"029","029.png","irrelephant","What do you call an elephant's comment that is off-topic?","irrelephant","Blend irrelevant with elephant."
"030","030.png","trunk-call","What kind of telephone call does an elephant make?","trunk call","That body part also names an old long-distance phone call."
"031","031.png","quack","What do you call a duck pretending to be a doctor?","quack","It is also the sound a duck makes."
"032","032.png","owlgebra","What kind of math does an owl study?","owl-gebra","Replace the start of algebra with owl."
"033","033.png","tweet","What does a bird post on social media?","tweet","It was also the name for a post on Twitter."
"034","034.png","egg-spert","What do you call a chicken who knows absolutely everything about a subject?","egg-spert","Start expert with what a hen lays."
"035","035.png","impeckable","How would a chicken describe its flawless manners?","impeckable","Put the way a chicken eats into that word."
"036","036.png","egg-cellent","How does a hen say excellent?","egg-cellent","Start the word with something found in a nest."
"037","037.png","fowl-play","What do detectives suspect when chickens break the rules?","fowl play","Replace foul with a word for domestic birds."
"038","038.png","bee-hive","What hairstyle does a fashionable bee request?","beehive","It shares a name with a bee colony's home."
"039","039.png","buzz","What is all the excitement around a bee's new movie called?","buzz","It is also the sound a flying bee makes."
"040","040.png","hum-bug","What do you call an insect that hums holiday complaints?","hum-bug","Combine a tuneless song sound with an insect."
"041","041.png","butterfly","What do you get when butter grows wings?","butterfly","Combine butter with what wings let you do."
"042","042.png","ant-iques","What do ants call their valuable old furniture?","ant-iques","Begin antiques with a tiny colony insect."
"043","043.png","ant-icipation","What do ants feel while waiting excitedly for a picnic?","ant-icipation","The word anticipation starts with their name."
"044","044.png","escargot","What do you call a snail's tiny vehicle? An ____.","es-car-go","Put car into escargot."
"045","045.png","dino-snore","What do you call a dinosaur that makes noise in its sleep?","dino-snore","Combine dino with snore."
"046","046.png","tyrannosaurus-wrecks","What do you call a T. rex that keeps crashing cars?","tyrannosaurus wrecks","Replace rex with a word for ruined vehicles."
"047","047.png","tea-rex","What do you call a dinosaur that loves a hot cuppa?","tea rex","Replace T in T. rex with a brewed drink."
"048","048.png","tea-riffic","How does a teapot say terrific?","tea-riffic","Begin terrific with a brewed drink."
"049","049.png","brew-tiful","How does a coffee lover describe a lovely morning?","brew-tiful","Start beautiful with the act of making coffee."
"050","050.png","depresso","What do you call a sad espresso?","depresso","Blend depressed and espresso."
"051","051.png","mugged","A coffee cup was robbed. What happened to it?","mugged","The word begins with a type of drinking cup."
"052","052.png","espresso-yourself","What does a coffee artist say instead of express yourself?","espresso yourself","Replace express with a strong coffee drink."
"053","053.png","lettuce","Which leafy vegetable says let us in one word?","lettuce","It sounds like let us."
"054","054.png","romaine","What does a salad leaf say instead of remain calm? ____ calm.","romaine","Its name sounds like remain."
"055","055.png","turnip","Which root vegetable sounds like the instruction to arrive?","turnip","This root vegetable is often purple and white."
"056","056.png","beet","Which vegetable sounds like a drummer's rhythm?","beet","This root often has a deep red color."
"057","057.png","peas","Which vegetable sounds like a request for world peace?","peas","Their name sounds like peace."
"058","058.png","corny","How would you describe a maize farmer's cheesy jokes?","corny","The word begins with another name for maize."
"059","059.png","a-maize-ing","How does a corn farmer say amazing?","a-maize-ing","Replace the middle of amazing with maize."
"060","060.png","stalk","What do you call a corn plant's secretive following of someone?","stalk","The verb means to follow stealthily."
"061","061.png","sweet-potato","What do you call a potato that is always kind?","sweet potato","It is also the name of an orange-fleshed root."
"062","062.png","couch-potato","What do you call a spud that watches TV all day?","couch potato","Combine a sofa with a spud."
"063","063.png","common-tater","What do you call a potato describing a sports match?","common-tater","Make commentator end with a nickname for potato."
"064","064.png","spec-tater","What do you call a potato watching from the stadium seats?","spec-tater","Make spectator end with tater."
"065","065.png","dictater","What do you call a potato that rules with absolute power?","dic-tater","Make dictator end with tater."
"066","066.png","appealing","Why is a banana so charming? It is very ____.","a-peeling","A banana's outer covering sounds like part of appealing."
"067","067.png","banana-split","What do you call a banana that suddenly leaves?","banana split","It is also a banana-and-ice-cream dessert."
"068","068.png","orange","Complete the citrus pun: ____ you glad we met?","orange","Use the name of a round citrus fruit."
"069","069.png","pear","What fruit sounds like two things that belong together?","pear","This fruit often has a narrow top and wide bottom."
"070","070.png","grape","Complete the fruit compliment: You did a ____ job!","grape","Replace it with a small fruit that grows in bunches."
"071","071.png","raisin","A grape has a good explanation. It has a good ____.","raisin","Use the word for a dried grape."
"072","072.png","date","What fruit can also be a romantic appointment?","date","The word also names a day on a calendar."
"073","073.png","jam","What do you call fruit stuck in traffic? A ____.","jam","It is also a fruity spread for toast."
"074","074.png","berry","Complete the fruit thank-you: Thank you ____ much!","berry","Replace it with a small, often juicy fruit."
"075","075.png","melon-choly","What do you call a sad melon's mood?","melon-choly","Put melon into melancholy."
"076","076.png","one-in-a-melon","How does a melon say someone is one in a million?","one in a melon","Replace million with melon."
"077","077.png","dill","Complete the pickle boast: I am a big ____!","dill","Use an herb commonly used in pickles."
"078","078.png","fun-guy","What do you call a mushroom who is great company?","fun guy","The answer sounds like fungi."
"079","079.png","relish","What condiment also means to enjoy something greatly?","relish","The word can mean to savor an experience."
"080","080.png","mustard","Complete the condiment challenge: Can you cut the ____?","mustard","It is a yellow condiment."
"081","081.png","ketchup","What condiment tells a slow runner to catch up?","ketchup","Its name sounds like catch up."
"082","082.png","grate","How does a cheese lover say great?","grate","It sounds like great but ends in ate."
"083","083.png","gouda","Complete the cheesy compliment: You are looking ____!","gouda","Use a Dutch cheese whose name starts with G."
"084","084.png","brie-lieve","How does a cheese lover say believe?","brie-lieve","Start believe with a soft French cheese."
"085","085.png","legend-dairy","What do you call a milk farmer whose achievements are legendary?","legen-dairy","Make its ending refer to milk products."
"086","086.png","udderly","How does a cow say utterly?","udderly","Replace utter with the part of a cow that gives milk."
"087","087.png","moosic","What does a cow listen to on the radio?","moo-sic","Start music with a cow's sound."
"088","088.png","moo-vie","What does a cow watch at the cinema?","moo-vie","Start movie with a cow's sound."
"089","089.png","milk-shake","What drink does a dancing cow make?","milkshake","Combine milk with a dance-like movement."
"090","090.png","bread-winner","What do you call a baker who earns the family's income?","breadwinner","The word starts with something a baker makes."
"091","091.png","knead","A baker says, I really ____ a holiday. Which dough-working word fits?","knead","This word sounds like need and means work dough."
"092","092.png","loafing","What do you call bread doing no work all afternoon?","loafing","It begins with the name for a whole baked bread."
"093","093.png","roll-model","What do you call a bread roll everyone looks up to?","roll model","Replace role in role model with a small bread."
"094","094.png","flour-power","What gives a baker strength?","flour power","Replace flower with a powder used in baking."
"095","095.png","dough","What does a baker call the money they earn?","dough","It is also bread before baking."
"096","096.png","cookie-crumble","Complete the baker's saying about accepting bad luck: That's the way the ____ crumbles.","cookie","It often has chocolate chips."
"097","097.png","pie-thon","What do you call a snake made of pastry?","pie-thon","Start python with a baked dessert."
"098","098.png","pi-rate","What do you call a pirate obsessed with the number 3.14?","pi-rate","Put pi at the start of pirate."
"099","099.png","acute","What do you call an adorable angle under 90 degrees?","a-cute angle","Combine a cute with angle."
"100","100.png","parallel","Which lines have so much in common but will never meet? ____ lines.","parallel","The geometry word begins with para."
